{
  "indexes": [
    {
      "collectionGroup": "chatRooms",
      "queryScope": "COLLECTION",
      "fields": [
        { "fieldPath": "participants", "arrayConfig": "CONTAINS" },
        { "fieldPath": "lastActivity", "order": "DESCENDING" }
      ]
    },
    {
      "collectionGroup": "messages",
      "queryScope": "COLLECTION",
      "fields": [
        { "fieldPath": "senderId", "order": "ASCENDING" },
        { "fieldPath": "read", "order": "ASCENDING" }
      ]
    },
    {
      "collectionGroup": "messages",
      "queryScope": "COLLECTION",
      "fields": [
        { "fieldPath": "read", "order": "ASCENDING" },
        { "fieldPath": "senderId", "order": "ASCENDING" }
      ]
    }
  ],
  "fieldOverrides": []
} 